Device,Number
Twitter for iPhone,21867
Twitter for Android,12806
Twitter Web App,9908
TweetDeck,745
Twitter for iPad,609
IFTTT,563
WordPress.com,519
dlvr.it,464
Buffer,431
Hootsuite Inc.,219
Sprout Social,200
NewsVerses,185
SocialFlow,178
Tumblr,108
Tweetbot for iΟS,95
Instagram,71
Trakt.tv,62
Revive Social App,62
"Cheap Bots, Done Quick!",57
Crowdfire App,53
Libsyn On-Publish,47
Echofon,40
Twitter for Mac,40
Vidimovie (Movies),32
Twitter Media Studio,31
Streamlabs Twitter,31
No source,30
We Got This Covered,30
OneUp App,29
Echobox,28
Periscope,28
Zapier.com,28
True Anthem,26
Blog2Social APP,22
FS Poster,22
SocialPilot.co,22
FunkoRelease,21
TweetCaster for Android,20
Spreaker,20
Microsoft Power Platform,20
Cinafilm,19
Vero - True Social,19
LaterMedia,17
Twibble.io,17
ContentStudio.io,16
Twitterrific for iOS,16
hhautotweet,16
SocialNewsDesk,14
twittbot.net,14
Fenix 2,14
Squarespace,13
Tweetlogix,13
movieweb.com,13
Tweetbot for Mac,12
Sendible,12
NextScripts for slashfilm,11
Publer.io,11
Paper.li,11
SmartNews | スマートニュース,11
Racing Snail Post Service,10
Talon Android,10
RSS Ground,10
Twittimer,10
MovieHeavenTweet,10
Chorus publishing platform,9
isearch247,9
moviebot2,9
Twitter for Advertisers (legacy),9
Podcast - Radio Addict,9
Goodreads,9
SocialBee.io v2,8
Business Insider Login,8
Epicstream,7
Movie Menfess,7
Flamingo for Android,6
Sprinklr,6
Nonli,6
Viral Content Buzz,5
Vimeo,5
PostTwee,5
Batmanish Bot,5
audioBoom,5
iHeartMedia Publishing,5
LinkedIn,5
Thred,5
Postcron App,4
C2F Publishing,4
Invite Scene,4
Post Studio,4
UberSocial for Android,4
Sandpit Autopost,4
Circleboom Publish,4
PlayStation®Network,4
Triberr,4
Restream.io,4
Batman-News.com,4
MSWOR,4
GroupTweet,4
Khoros Publishing App,4
Postingly,4
regexrbot23,3
Queerty,3
Auto post ebox,3
BHIVE Nectar,3
Twitter Web Client,3
Real Specific,3
Freie-Welt,3
SlackSocial,3
Twitterrific for Mac,3
Clicky Sound,3
worldwide tweets1,3
ht-twitter-handler,3
Feedpushr,3
Latesttoy.com,3
Derek T McKinney,3
Instapaper,3
Chart Crunch,3
Poshmark,3
Falcon Social Media Management ,3
wonderland.fm,3
Micro.blog,3
blob_videoludico,3
Piapo - OnefilmsMovies,3
TweetCaster for iOS,3
HubSpot,3
Ask.fm,3
Upflow,3
@thedextazlab,3
DanielF737Bot,3
SocialRabbit Plugin,3
TubeandBlog,3
Radio.co now playing,3
Plume for Android,3
KhuramKTS,3
Twidere for Android,3
BIGO LIVE,3
Mailchimp,3
Nerdy Legion,2
watchfess,2
BLOX CMS,2
AgoraPulse Manager,2
News Users,2
GwiGwi,2
PlexWinServer,2
Studiorific,2
TheWrap,2
CoSchedule,2
Price Drop Amazon US,2
scal.club,2
PinkVilla,2
ez-tango,2
Headliner Video,2
TheHDRoom,2
True Anthem Development And Test,2
Reel Talk,2
Anime Twitter Bot,2
Оwly,2
GoalShakers,2
15 Minute News Entertainment,2
CastBox FM,2
Woofy Social Media Scheduler,2
SocialQPlus,2
sam_endt_ebooks,2
SocialOomph,2
Eklecty-City,2
Postfity.com,2
Informazione,2
Bluray-disc.de Newsticker,2
Albatross for Twitter,2
Post Planner Inc.,2
Pippa Podcasts,2
Website Hosting UK,2
ArtPal,2
PubHub by BuzzFeed,2
FunkoShopAlertingService,2
SAM Broadcaster Cloud,2
Horloge_Parlante,2
AI-Tweets,2
"TV Time, TV show tracker",2
SEMrush Social Media Tool,2
Fanbooster by Traject,2
kuro٩(╹⌓╹ )۶' ,2
Funko Hot Topic Alert,2
Meltwater Social,2
of today,2
411mania_app,2
Tweet FirstShowing.net,1
News FirstShowing.net,1
Stack Exchange,1
KurtixBiederwald,1
Nerdly.co.uk,1
TWEET.PHOTO,1
Aviary (for iOS and macOS),1
Mastodon-Twitter Crossposter,1
theinfomaker.com,1
districtPodcast,1
BrutalGamer,1
EIN Presswire,1
FuturiPost2,1
Uncrate LLC,1
BDzTweet,1
plexbuddies,1
smallthingsfr retweet,1
presshub_usbot,1
PopCommunity,1
SMMplanner,1
Playstationclan,1
WPSIteMARC20,1
Screen Idle,1
Newsfeedsmedia,1
WhazupNaija,1
MyMovieRack,1
XpressBriefing,1
Janetter Pro for iPhone,1
Nerdbot.com,1
OxfordBlue-Twitter,1
Strictly Tweetbot for Wordpress,1
Mancunion Website,1
@Nicholas_ebook,1
TheCosmosphere,1
Gain Platform,1
NerdClips Auto Tweet,1
MultiversityComics,1
HeyOrca,1
Podiant,1
digitallifestyleserve,1
ProPakistani,1
Bloglovin,1
ActuDirect,1
BetaSeries,1
dceufess,1
Hypable News,1
Hypable,1
leenk.me,1
twt_msia_ebooks,1
Podbean Podcast,1
Simon Vs. The Bot,1
Zanen Zabacca,1
EveryoneSocial,1
Dabr,1
Tweet Old Post,1
Banco de Séries,1
4chanfilenames,1
zonanegativa,1
Pocket: Save. Read. Grow.,1
SH1TT3R,1
plusonenextscript,1
MOVIE MOOD,1
pankajjasoria,1
Linky for iOS,1
Ofertones App,1
Movie Mcgee API,1
Nuzzel,1
Back Jyrom Ebooks,1
Jenkers Eng Posting,1
Paul's twitter bot,1
OnlyWire App,1
Twitter Updates Assistant,1
PressReleasePoint.Com,1
roytang-apps,1
ViralTiger,1
Technical News,1
Unsoedfess,1
recurpost.com,1
Peeping Moon,1
Blerds Online Database,1
MBB Tweet Machine Pro2,1
The Movie Blog,1
PlayStation®Vita,1
Emphatic,1
pala kao ku betot,1
yorkshire-times,1
MYOG Twitter,1
GO 2 CART,1
GO TO CART,1
Moviefit,1
Criticker Bot,1
Tweetium for Windows,1
twiteradious,1
San Francisco News,1
MomentumHunter,1
The Toyark,1
dutchtwilight,1
Admin Integration ,1
TweeJuguetes,1
EasyClout,1
freedombunker,1
My Social Post,1
Reason Headline Tweets,1
DC Revive Old Posts,1
Reddit Official,1
Canyon News,1
TheLancsTimes,1
Wowbrary,1
DataScienceInfo,1
Radio King LiveTweet,1
Rynostv,1
ScreenFish API,1
rkvideo,1
Open Studios Twitter Bot,1
Tweepsmap,1
Headlinez,1
FilmMusicSite,1
SanLMBot,1
ZAQS Tech,1
Blazing Minds Article,1
What´s new from my24group.com,1
Zoz_plex_serveur,1
Auto Post Daily News,1
CRWE World,1
BlazingMinds,1
BlazingMinds Reviews,1
GIXtools activity monitor,1
wsbuzz.com,1
Missinglettr,1
Foursquare,1
YuvNewsOfficial,1
SoCast Digital,1
BotstreamEntertainement,1
Fireside Tweet Publisher,1
@NeoWatchOS bot,1
PhantaNews,1
Zoho Social,1
Even Newer Newer Dank Bot,1
Shopee_PH,1
CronPoster,1
LockThat PlexPy,1
Vidimovie (Videos),1
yonews auto post,1
NextScripts Wordpress Plug-In,1
WRBot,1
SCAD Connector,1
SmarterQueue,1
Fstoppers Auto Tweets,1
EasyBlog,1
BestMovie,1
wombat-twython,1
Revue,1
TubeBuddy,1
Pause Fun,1
NESbot_OT,1
One Of Us,1
DealFinder App,1
Broadband Forum,1
detikcommunity,1
MikeShoutsTwitter,1
Typepad,1
Nintendo Switch Share,1
Forbes Botstream,1
NewOnCoolesuggesties,1
apherald,1
XH Experimental App,1
OneCMS Social Connect,1
MavSocial Ads,1
BuzzInsolite,1
techosmo,1
Duken.nl forum,1
Period Comics,1
notasbit-grabber,1
ChairshotMedia,1
ev.shift,1
Automate.io,1
Newspages Paperboy,1
USSA News Twitter 89,1
ElectronicSheepForInsomniacs,1
Netguide.com,1
Weebly App,1
Slovakia News,1
